Date,Narration,Reference,Debit,Credit,Balance
2025-11-02 09:00,Transfer to Landlord - Shop Rent,TRF|SMFB|900000000000060622,35000.00,,57973.68
2025-11-02 13:11,Transfer from Hadiza Yaro,TRF|SMFB|900000000000060985,,13356.00,71329.68
2025-11-03 10:43,POS settlement - Sales,TRF|SMFB|900000000000060988,,26424.89,97754.57
2025-11-04 08:30,Transfer - ajo contribution,TRF|SMFB|900000000000060511,5000.00,,92754.57
2025-11-04 17:43,POS settlement - Sales,TRF|SMFB|900000000000061006,,17999.81,110754.38
2025-11-05 12:57,POS settlement - Sales,TRF|SMFB|900000000000061033,,24627.91,135382.29
2025-11-06 12:37,USSD Service Charge,TRF|SMFB|900000000000060631,165.53,,135216.76
2025-11-07 16:31,POS settlement - Sales,TRF|SMFB|900000000000061056,,24185.64,159402.40
2025-11-08 14:39,Transfer from Joy Oladipo,TRF|SMFB|900000000000061069,,11653.04,171055.44
2025-11-09 09:46,POS settlement - Sales,TRF|SMFB|900000000000061093,,15233.87,186289.31
2025-11-09 11:48,Transfer to Eko Lace Importers,TRF|SMFB|900000000000060677,32784.47,,153504.84
2025-11-10 14:27,Transfer from Blessing Olaniyi,TRF|SMFB|900000000000061138,,27766.00,181270.84
2025-11-11 08:30,Transfer - ajo contribution,TRF|SMFB|900000000000060544,5000.00,,176270.84
2025-11-11 09:52,POS settlement - Sales,TRF|SMFB|900000000000061173,,22198.92,198469.76
2025-11-11 12:06,Airtime/Data Purchase - Airtel,TRF|SMFB|900000000000060708,4196.51,,194273.25
2025-11-12 09:07,Transfer from Ngozi Eze,TRF|SMFB|900000000000061199,,23605.00,217878.25
2025-11-13 12:27,Transfer to Balogun Fabric Emporium,TRF|SMFB|900000000000060744,28651.01,,189227.24
2025-11-13 14:53,Transfer from Amina Bello,TRF|SMFB|900000000000061212,,31551.88,220779.12
2025-11-14 10:30,POS settlement - Sales,TRF|SMFB|900000000000061256,,13843.26,234622.38
2025-11-15 17:00,Transfer to Kemi Adebayo Personal,TRF|SMFB|900000000000061476,132382.94,,102239.44
2025-11-15 17:27,POS settlement - Sales,TRF|SMFB|900000000000061261,,23273.80,125513.24
2025-11-16 10:41,Transfer from Chinedu Okonkwo,TRF|SMFB|900000000000061294,,15924.42,141437.66
2025-11-16 13:55,Transfer to Eko Lace Importers,TRF|SMFB|900000000000060745,13619.27,,127818.39
2025-11-18 08:30,Transfer - ajo contribution,TRF|SMFB|900000000000060576,5000.00,,122818.39
2025-11-18 09:38,POS settlement - Sales,TRF|SMFB|900000000000061307,,11321.19,134139.58
2025-11-18 15:53,Transfer to Yaba Textile Wholesalers,TRF|SMFB|900000000000060785,33445.97,,100693.61
2025-11-20 14:57,POS settlement - Sales,TRF|SMFB|900000000000061344,,25826.76,126520.37
2025-11-21 12:49,POS settlement - Sales,TRF|SMFB|900000000000061355,,10335.17,136855.54
2025-11-21 16:55,Transfer to Yaba Textile Wholesalers,TRF|SMFB|900000000000060798,30987.24,,105868.30
2025-11-23 11:51,USSD Service Charge,TRF|SMFB|900000000000060827,340.95,,105527.35
2025-11-23 17:16,POS settlement - Sales,TRF|SMFB|900000000000061398,,11695.90,117223.25
2025-11-24 09:30,POS settlement - Sales,TRF|SMFB|900000000000061431,,24669.46,141892.71
2025-11-25 08:30,Transfer - ajo contribution,TRF|SMFB|900000000000060602,5000.00,,136892.71
2025-11-25 10:20,USSD Service Charge,TRF|SMFB|900000000000060859,399.39,,136493.32
2025-11-27 11:00,Transfer to Aba Garment Supplies Ltd,TRF|SMFB|900000000000060954,9891.21,,126602.11
2025-11-27 12:35,Transfer to Kano Thread & Dye Hub,TRF|SMFB|900000000000060894,15245.08,,111357.03
2025-11-28 15:30,POS settlement - Sales,TRF|SMFB|900000000000061451,,19182.08,130539.11
2025-11-28 16:38,Transfer to Yaba Textile Wholesalers,TRF|SMFB|900000000000060933,19479.09,,111060.02
2025-12-02 09:00,Transfer to Landlord - Shop Rent,TRF|SMFB|900000000000061636,35000.00,,76060.02
2025-12-03 15:40,Transfer from Ronke Fashola,TRF|SMFB|900000000000061918,,10870.94,86930.96
2025-12-04 08:30,Transfer - ajo contribution,TRF|SMFB|900000000000061512,5000.00,,81930.96
2025-12-05 11:41,POS settlement - Sales,TRF|SMFB|900000000000061941,,20979.91,102910.87
2025-12-05 12:47,Transfer to Balogun Fabric Emporium,TRF|SMFB|900000000000061685,19302.96,,83607.91
2025-12-06 11:17,Transfer from Fatima Abubakar,TRF|SMFB|900000000000061985,,28578.51,112186.42
2025-12-08 12:39,Transfer to Eko Lace Importers,TRF|SMFB|900000000000061694,21339.23,,90847.19
2025-12-08 17:20,POS settlement - Sales,TRF|SMFB|900000000000061988,,30769.56,121616.75
2025-12-10 16:40,POS settlement - Sales,TRF|SMFB|900000000000062000,,19015.13,140631.88
2025-12-11 08:30,Transfer - ajo contribution,TRF|SMFB|900000000000061557,5000.00,,135631.88
2025-12-11 13:47,Transfer to Yaba Textile Wholesalers,TRF|SMFB|900000000000061733,28921.65,,106710.23
2025-12-11 15:37,Transfer from Hadiza Yaro,TRF|SMFB|900000000000062022,,15693.82,122404.05
2025-12-13 14:45,POS settlement - Sales,TRF|SMFB|900000000000062025,,11155.27,133559.32
2025-12-13 15:21,Transfer to Aba Garment Supplies Ltd,TRF|SMFB|900000000000061758,17800.54,,115758.78
2025-12-14 13:10,Transfer from Kehinde Ogundele,TRF|SMFB|900000000000062051,,12436.57,128195.35
2025-12-15 13:07,Transfer from Chinedu Okonkwo,TRF|SMFB|900000000000062071,,19995.49,148190.84
2025-12-15 17:00,Transfer to Kemi Adebayo Personal,TRF|SMFB|900000000000062483,126710.12,,21480.72
2025-12-16 10:25,USSD Service Charge,TRF|SMFB|900000000000061801,270.24,,21210.48
2025-12-16 17:46,Transfer from Joy Oladipo,TRF|SMFB|900000000000062091,,10629.85,31840.33
2025-12-18 08:30,Transfer - ajo contribution,TRF|SMFB|900000000000061558,5000.00,,26840.33
2025-12-18 10:06,Transfer from Joy Oladipo,TRF|SMFB|900000000000062113,,21899.09,48739.42
2025-12-18 11:28,Transfer to Aba Garment Supplies Ltd,TRF|SMFB|900000000000061835,30239.42,,18500.00
2025-12-19 16:07,Transfer from Ifeoma Nwosu,TRF|SMFB|900000000000062135,,25090.69,43590.69
2025-12-20 11:40,POS settlement - Sales,TRF|SMFB|900000000000062176,,21983.21,65573.90
2025-12-21 10:51,POS settlement - Sales,TRF|SMFB|900000000000062180,,10947.40,76521.30
2025-12-21 14:38,Airtime/Data Purchase - Airtel,TRF|SMFB|900000000000061856,4151.63,,72369.67
2025-12-23 09:06,Transfer from Ronke Fashola,TRF|SMFB|900000000000062212,,18057.58,90427.25
2025-12-24 15:05,POS settlement - Sales,TRF|SMFB|900000000000062229,,17471.62,107898.87
2025-12-24 16:29,Transfer to Aba Garment Supplies Ltd,TRF|SMFB|900000000000061869,33390.72,,74508.15
2025-12-25 08:30,Transfer - ajo contribution,TRF|SMFB|900000000000061588,5000.00,,69508.15
2025-12-25 15:12,Transfer from Amina Bello,TRF|SMFB|900000000000062263,,17245.97,86754.12
2025-12-26 16:46,Transfer to Aba Garment Supplies Ltd,TRF|SMFB|900000000000061890,12382.96,,74371.16
2025-12-27 12:07,Transfer from Chinedu Okonkwo,TRF|SMFB|900000000000062277,,20433.01,94804.17
2025-12-28 09:21,POS settlement - Sales,TRF|SMFB|900000000000062374,,25228.66,120032.83
2025-12-28 09:33,Transfer from Blessing Olaniyi,TRF|SMFB|900000000000062399,,12412.44,132445.27
2025-12-28 10:12,Transfer from Blessing Olaniyi,TRF|SMFB|900000000000062284,,19543.39,151988.66
2025-12-28 11:00,Airtime/Data Purchase - MTN,TRF|SMFB|900000000000061903,1507.07,,150481.59
2025-12-28 11:36,POS settlement - Sales,TRF|SMFB|900000000000062318,,18335.86,168817.45
2025-12-28 14:41,Transfer to Balogun Fabric Emporium,TRF|SMFB|900000000000061910,19862.82,,148954.63
2025-12-28 14:53,Transfer from Fatima Abubakar,TRF|SMFB|900000000000062353,,20464.14,169418.77
2025-12-28 15:30,POS settlement - Sales,TRF|SMFB|900000000000062437,,16813.82,186232.59
2026-01-02 09:00,Transfer to Landlord - Shop Rent,TRF|SMFB|900000000000062546,35000.00,,151232.59
2026-01-03 09:02,Transfer from Funke Akindele,TRF|SMFB|900000000000062852,,20070.60,171303.19
2026-01-04 08:30,Transfer - ajo contribution,TRF|SMFB|900000000000062489,5000.00,,166303.19
2026-01-04 14:26,Transfer from Ronke Fashola,TRF|SMFB|900000000000062856,,9809.14,176112.33
2026-01-05 10:19,Transfer to Kano Thread & Dye Hub,TRF|SMFB|900000000000062557,33942.82,,142169.51
2026-01-05 16:49,Transfer from Blessing Olaniyi,TRF|SMFB|900000000000062897,,12481.46,154650.97
2026-01-07 10:44,Transfer from Maryam Sanusi,TRF|SMFB|900000000000062929,,21630.31,176281.28
2026-01-07 16:41,Transfer to Aba Garment Supplies Ltd,TRF|SMFB|900000000000062591,21654.37,,154626.91
2026-01-08 09:39,Transfer from Joy Oladipo,TRF|SMFB|900000000000062971,,25118.80,179745.71
2026-01-09 13:50,POS settlement - Sales,TRF|SMFB|900000000000062996,,28530.03,208275.74
2026-01-09 14:05,Airtime/Data Purchase - MTN,TRF|SMFB|900000000000062639,3915.33,,204360.41
2026-01-11 08:30,Transfer - ajo contribution,TRF|SMFB|900000000000062523,5000.00,,199360.41
2026-01-11 10:33,POS settlement - Sales,TRF|SMFB|900000000000062999,,28789.94,228150.35
2026-01-12 16:13,Transfer to Aba Garment Supplies Ltd,TRF|SMFB|900000000000062670,35429.61,,192720.74
2026-01-13 16:23,Transfer from Funke Akindele,TRF|SMFB|900000000000063002,,26402.17,219122.91
2026-01-14 16:16,POS settlement - Sales,TRF|SMFB|900000000000063045,,29724.64,248847.55
2026-01-15 12:05,POS settlement - Sales,TRF|SMFB|900000000000063086,,26855.88,275703.43
2026-01-15 14:37,Transfer to Yaba Textile Wholesalers,TRF|SMFB|900000000000062713,34484.20,,241219.23
2026-01-15 17:00,Transfer to Kemi Adebayo Personal,TRF|SMFB|900000000000063272,137464.31,,103754.92
2026-01-17 15:11,Transfer to Kano Thread & Dye Hub,TRF|SMFB|900000000000062718,26826.93,,76927.99
2026-01-17 17:19,Transfer from Peace Utomi,TRF|SMFB|900000000000063092,,30746.17,107674.16
2026-01-18 08:30,Transfer - ajo contribution,TRF|SMFB|900000000000062526,5000.00,,102674.16
2026-01-18 15:04,POS settlement - Sales,TRF|SMFB|900000000000063139,,11281.85,113956.01
2026-01-19 16:27,Transfer from Joy Oladipo,TRF|SMFB|900000000000063186,,24787.62,138743.63
2026-01-20 16:16,USSD Service Charge,TRF|SMFB|900000000000062745,190.84,,138552.79
2026-01-21 10:22,Transfer from Amina Bello,TRF|SMFB|900000000000063209,,10617.58,149170.37
2026-01-23 11:00,Transfer from Kehinde Ogundele,TRF|SMFB|900000000000063214,,28096.21,177266.58
2026-01-23 16:24,Transfer to Balogun Fabric Emporium,TRF|SMFB|900000000000062761,28665.61,,148600.97
2026-01-24 12:00,POS settlement - Sales,TRF|SMFB|900000000000063222,,13710.19,162311.16
2026-01-25 08:30,Transfer - ajo contribution,TRF|SMFB|900000000000062531,5000.00,,157311.16
2026-01-25 13:23,POS settlement - Sales,TRF|SMFB|900000000000063237,,24857.73,182168.89
2026-01-26 11:29,Transfer from Hadiza Yaro,TRF|SMFB|900000000000063246,,11584.99,193753.88
2026-01-27 11:00,Transfer to Kano Thread & Dye Hub,TRF|SMFB|900000000000062808,553.88,,193200.00
2026-01-28 15:30,POS settlement - Sales,TRF|SMFB|900000000000063248,,10659.91,203859.91
2026-02-02 09:00,Transfer to Landlord - Shop Rent,TRF|SMFB|900000000000063401,35000.00,,168859.91
2026-02-03 17:38,POS settlement - Sales,TRF|SMFB|900000000000063755,,12593.09,181453.00
2026-02-04 08:30,Transfer - ajo contribution,TRF|SMFB|900000000000063291,5000.00,,176453.00
2026-02-04 16:48,Transfer from Maryam Sanusi,TRF|SMFB|900000000000063773,,31101.12,207554.12
2026-02-05 10:17,Transfer from Hadiza Yaro,TRF|SMFB|900000000000063799,,29325.51,236879.63
2026-02-05 10:34,Airtime/Data Purchase - MTN,TRF|SMFB|900000000000063410,1969.21,,234910.42
2026-02-07 12:32,Transfer to Kano Thread & Dye Hub,TRF|SMFB|900000000000063434,31626.32,,203284.10
2026-02-07 16:06,Transfer from Fatima Abubakar,TRF|SMFB|900000000000063838,,26170.67,229454.77
2026-02-08 09:04,Transfer from Joy Oladipo,TRF|SMFB|900000000000063846,,27221.44,256676.21
2026-02-09 11:04,Transfer from Zainab Ahmed,TRF|SMFB|900000000000063855,,18541.10,275217.31
2026-02-10 15:02,USSD Service Charge,TRF|SMFB|900000000000063460,280.36,,274936.95
2026-02-10 17:06,Transfer from Maryam Sanusi,TRF|SMFB|900000000000063903,,18448.50,293385.45
2026-02-11 08:30,Transfer - ajo contribution,TRF|SMFB|900000000000063327,5000.00,,288385.45
2026-02-12 13:28,Transfer from Bisi Adebayo,TRF|SMFB|900000000000063911,,17551.50,305936.95
2026-02-12 15:04,Transfer to Aba Garment Supplies Ltd,TRF|SMFB|900000000000063508,19784.05,,286152.90
2026-02-13 15:25,Transfer from Ifeoma Nwosu,TRF|SMFB|900000000000063934,,22594.44,308747.34
2026-02-14 14:27,Transfer to Balogun Fabric Emporium,TRF|SMFB|900000000000063537,21218.67,,287528.67
2026-02-15 15:13,POS settlement - Sales,TRF|SMFB|900000000000063955,,19964.45,307493.12
2026-02-15 17:00,Transfer to Kemi Adebayo Personal,TRF|SMFB|900000000000064174,137040.55,,170452.57
2026-02-17 09:28,POS settlement - Sales,TRF|SMFB|900000000000063959,,15904.26,186356.83
2026-02-17 15:33,Transfer to Aba Garment Supplies Ltd,TRF|SMFB|900000000000063584,22624.28,,163732.55
2026-02-18 08:30,Transfer - ajo contribution,TRF|SMFB|900000000000063368,5000.00,,158732.55
2026-02-18 09:22,POS settlement - Sales,TRF|SMFB|900000000000063960,,19845.16,178577.71
2026-02-19 10:43,POS settlement - Sales,TRF|SMFB|900000000000063986,,30834.11,209411.82
2026-02-20 13:13,Transfer to Yaba Textile Wholesalers,TRF|SMFB|900000000000063596,36760.86,,172650.96
2026-02-20 14:02,Transfer from Hadiza Yaro,TRF|SMFB|900000000000064027,,11671.50,184322.46
2026-02-22 12:07,Airtime/Data Purchase - Airtel,TRF|SMFB|900000000000063622,3564.60,,180757.86
2026-02-22 12:09,Transfer from Ngozi Eze,TRF|SMFB|900000000000064055,,26287.12,207044.98
2026-02-24 14:24,Transfer from Peace Utomi,TRF|SMFB|900000000000064065,,12869.87,219914.85
2026-02-24 16:26,Transfer to Aba Garment Supplies Ltd,TRF|SMFB|900000000000063644,18446.90,,201467.95
2026-02-25 08:30,Transfer - ajo contribution,TRF|SMFB|900000000000063389,5000.00,,196467.95
2026-02-26 11:33,Transfer from Bisi Adebayo,TRF|SMFB|900000000000064094,,16269.65,212737.60
2026-02-26 12:29,Airtime/Data Purchase - MTN,TRF|SMFB|900000000000063663,1759.50,,210978.10
2026-02-27 11:00,Transfer to Yaba Textile Wholesalers,TRF|SMFB|900000000000063724,12562.04,,198416.06
2026-02-28 15:27,Transfer from Grace Danjuma,TRF|SMFB|900000000000064107,,27557.46,225973.52
2026-02-28 15:30,POS settlement - Sales,TRF|SMFB|900000000000064136,,619.34,226592.86
2026-02-28 16:44,Transfer to Balogun Fabric Emporium,TRF|SMFB|900000000000063683,24012.28,,202580.58
2026-03-02 09:00,Transfer to Landlord - Shop Rent,TRF|SMFB|900000000000064251,35000.00,,167580.58
2026-03-03 12:08,Transfer from Kehinde Ogundele,TRF|SMFB|900000000000064589,,28330.56,195911.14
2026-03-04 08:30,Transfer - ajo contribution,TRF|SMFB|900000000000064177,5000.00,,190911.14
2026-03-05 10:35,Transfer from Fatima Abubakar,TRF|SMFB|900000000000064635,,29691.39,220602.53
2026-03-06 10:47,Airtime/Data Purchase - Airtel,TRF|SMFB|900000000000064291,2020.12,,218582.41
2026-03-07 16:32,Transfer from Hadiza Yaro,TRF|SMFB|900000000000064653,,22907.41,241489.82
2026-03-08 09:07,POS settlement - Sales,TRF|SMFB|900000000000064665,,23142.05,264631.87
2026-03-08 15:55,Transfer to Kano Thread & Dye Hub,TRF|SMFB|900000000000064318,19395.02,,245236.85
2026-03-10 12:13,POS settlement - Sales,TRF|SMFB|900000000000064708,,15544.81,260781.66
2026-03-11 08:30,Transfer - ajo contribution,TRF|SMFB|900000000000064192,5000.00,,255781.66
2026-03-11 10:40,Airtime/Data Purchase - Airtel,TRF|SMFB|900000000000064356,3496.89,,252284.77
2026-03-11 17:32,Transfer from Maryam Sanusi,TRF|SMFB|900000000000064750,,18850.20,271134.97
2026-03-13 10:47,Transfer from Yetunde Alabi,TRF|SMFB|900000000000064793,,21987.34,293122.31
2026-03-14 13:16,Airtime/Data Purchase - Airtel,TRF|SMFB|900000000000064359,2146.26,,290976.05
2026-03-15 12:47,Transfer from Zainab Ahmed,TRF|SMFB|900000000000064813,,28131.40,319107.45
2026-03-15 17:00,Transfer to Kemi Adebayo Personal,TRF|SMFB|900000000000065117,132694.92,,186412.53
2026-03-16 10:10,Transfer to Yaba Textile Wholesalers,TRF|SMFB|900000000000064368,19535.05,,166877.48
2026-03-17 12:23,Transfer from Bisi Adebayo,TRF|SMFB|900000000000064822,,23455.77,190333.25
2026-03-18 08:30,Transfer - ajo contribution,TRF|SMFB|900000000000064233,5000.00,,185333.25
2026-03-18 16:27,Airtime/Data Purchase - Airtel,TRF|SMFB|900000000000064404,4412.03,,180921.22
2026-03-18 17:32,Transfer from Amina Bello,TRF|SMFB|900000000000064831,,16541.35,197462.57
2026-03-20 11:11,Transfer from Fatima Abubakar,TRF|SMFB|900000000000064863,,20740.91,218203.48
2026-03-20 13:12,Transfer to Yaba Textile Wholesalers,TRF|SMFB|900000000000064425,14660.81,,203542.67
2026-03-21 12:46,Transfer from Maryam Sanusi,TRF|SMFB|900000000000064886,,12038.96,215581.63
2026-03-22 16:57,Transfer from Amina Bello,TRF|SMFB|900000000000064920,,30110.92,245692.55
2026-03-23 14:29,USSD Service Charge,TRF|SMFB|900000000000064459,176.65,,245515.90
2026-03-24 16:29,POS settlement - Sales,TRF|SMFB|900000000000064956,,16100.08,261615.98
2026-03-25 08:30,Transfer - ajo contribution,TRF|SMFB|900000000000064239,5000.00,,256615.98
2026-03-25 11:23,Transfer to Kano Thread & Dye Hub,TRF|SMFB|900000000000064472,34618.64,,221997.34
2026-03-25 16:51,Transfer from Joy Oladipo,TRF|SMFB|900000000000065002,,30926.50,252923.84
2026-03-26 13:08,POS settlement - Sales,TRF|SMFB|900000000000065023,,22899.04,275822.88
2026-03-27 11:00,Transfer to Balogun Fabric Emporium,TRF|SMFB|900000000000064568,12343.35,,263479.53
2026-03-27 12:43,Airtime/Data Purchase - Airtel,TRF|SMFB|900000000000064489,2403.96,,261075.57
2026-03-28 12:55,Airtime/Data Purchase - MTN,TRF|SMFB|900000000000064490,1633.51,,259442.06
2026-03-28 13:07,Transfer to Balogun Fabric Emporium,TRF|SMFB|900000000000064549,18269.75,,241172.31
2026-03-28 13:39,Transfer to Aba Garment Supplies Ltd,TRF|SMFB|900000000000064552,23100.33,,218071.98
2026-03-28 13:46,Transfer to Aba Garment Supplies Ltd,TRF|SMFB|900000000000064522,35845.85,,182226.13
2026-03-28 15:03,Transfer from Grace Danjuma,TRF|SMFB|900000000000065045,,13799.26,196025.39
2026-03-28 15:30,POS settlement - Sales,TRF|SMFB|900000000000065074,,18421.98,214447.37
2026-04-02 09:00,Transfer to Landlord - Shop Rent,TRF|SMFB|900000000000065216,35000.00,,179447.37
2026-04-03 11:39,Transfer from Maryam Sanusi,TRF|SMFB|900000000000065384,,22845.31,202292.68
2026-04-04 08:30,Transfer - ajo contribution,TRF|SMFB|900000000000065160,5000.00,,197292.68
2026-04-04 16:05,POS settlement - Sales,TRF|SMFB|900000000000065414,,17242.40,214535.08
2026-04-05 15:40,Transfer to Yaba Textile Wholesalers,TRF|SMFB|900000000000065218,12571.67,,201963.41
2026-04-05 17:22,POS settlement - Sales,TRF|SMFB|900000000000065436,,12732.55,214695.96
2026-04-07 10:00,Transfer to Yaba Textile Wholesalers,TRF|SMFB|900000000000065222,29000.80,,185695.16
2026-04-07 16:25,Transfer from Ifeoma Nwosu,TRF|SMFB|900000000000065472,,9340.03,195035.19
2026-04-09 09:49,Transfer from Chinedu Okonkwo,TRF|SMFB|900000000000065502,,21231.24,216266.43
2026-04-10 15:27,Transfer to Aba Garment Supplies Ltd,TRF|SMFB|900000000000065250,35971.57,,180294.86
2026-04-11 08:30,Transfer - ajo contribution,TRF|SMFB|900000000000065171,5000.00,,175294.86
2026-04-11 10:25,Transfer from Hadiza Yaro,TRF|SMFB|900000000000065550,,16971.54,192266.40
2026-04-12 12:19,Transfer to Aba Garment Supplies Ltd,TRF|SMFB|900000000000065275,20549.14,,171717.26
2026-04-12 13:43,POS settlement - Sales,TRF|SMFB|900000000000065569,,24649.05,196366.31
2026-04-13 17:33,POS settlement - Sales,TRF|SMFB|900000000000065586,,16826.45,213192.76
2026-04-14 10:36,POS settlement - Sales,TRF|SMFB|900000000000065602,,31579.65,244772.41
2026-04-14 13:57,Transfer to Aba Garment Supplies Ltd,TRF|SMFB|900000000000065324,25814.75,,218957.66
2026-04-15 17:00,Transfer to Kemi Adebayo Personal,TRF|SMFB|900000000000066024,126391.56,,92566.10
2026-04-16 11:58,Transfer from Amina Bello,TRF|SMFB|900000000000065640,,28965.11,121531.21
2026-04-16 14:58,Transfer to Balogun Fabric Emporium,TRF|SMFB|900000000000065325,36802.79,,84728.42
2026-04-17 11:22,Transfer from Joy Oladipo,TRF|SMFB|900000000000065672,,17353.44,102081.86
2026-04-18 08:30,Transfer - ajo contribution,TRF|SMFB|900000000000065191,5000.00,,97081.86
2026-04-18 14:55,Airtime/Data Purchase - MTN,TRF|SMFB|900000000000065331,4020.16,,93061.70
2026-04-19 15:10,Transfer from Chinedu Okonkwo,TRF|SMFB|900000000000065701,,9023.29,102084.99
2026-04-20 14:59,POS settlement - Sales,TRF|SMFB|900000000000065744,,9214.31,111299.30
2026-04-21 11:53,Airtime/Data Purchase - MTN,TRF|SMFB|900000000000065342,2028.82,,109270.48
2026-04-22 12:04,Transfer from Bisi Adebayo,TRF|SMFB|900000000000065778,,21624.18,130894.66
2026-04-23 10:42,Transfer from Zainab Ahmed,TRF|SMFB|900000000000065819,,23705.97,154600.63
2026-04-23 15:05,Transfer to Yaba Textile Wholesalers,TRF|SMFB|900000000000065382,34481.29,,120119.34
2026-04-25 08:30,Transfer - ajo contribution,TRF|SMFB|900000000000065193,5000.00,,115119.34
2026-04-25 15:17,Transfer from Hadiza Yaro,TRF|SMFB|900000000000065836,,16162.15,131281.49
2026-04-27 14:12,Transfer from Blessing Olaniyi,TRF|SMFB|900000000000065837,,25228.17,156509.66
2026-04-28 09:23,POS settlement - Sales,TRF|SMFB|900000000000065922,,21169.18,177678.84
2026-04-28 14:40,Transfer from Grace Danjuma,TRF|SMFB|900000000000065959,,25102.05,202780.89
2026-04-28 15:23,Transfer from Peace Utomi,TRF|SMFB|900000000000065878,,19675.00,222455.89
2026-04-28 15:30,POS settlement - Sales,TRF|SMFB|900000000000065975,,1831.22,224287.11
2026-05-02 09:00,Transfer to Landlord - Shop Rent,TRF|SMFB|900000000000066192,35000.00,,189287.11
2026-05-03 09:46,Transfer from Yetunde Alabi,TRF|SMFB|900000000000066485,,27946.48,217233.59
2026-05-04 08:30,Transfer - ajo contribution,TRF|SMFB|900000000000066053,5000.00,,212233.59
2026-05-05 11:10,Transfer to Aba Garment Supplies Ltd,TRF|SMFB|900000000000066233,13695.98,,198537.61
2026-05-05 11:22,POS settlement - Sales,TRF|SMFB|900000000000066491,,27403.37,225940.98
2026-05-06 13:12,Transfer from Hadiza Yaro,TRF|SMFB|900000000000066508,,27404.61,253345.59
2026-05-08 11:48,Transfer from Chinedu Okonkwo,TRF|SMFB|900000000000066549,,29703.73,283049.32
2026-05-08 12:16,Transfer to Kano Thread & Dye Hub,TRF|SMFB|900000000000066273,31700.97,,251348.35
2026-05-09 17:02,Transfer from Funke Akindele,TRF|SMFB|900000000000066562,,29607.30,280955.65
2026-05-11 08:30,Transfer - ajo contribution,TRF|SMFB|900000000000066069,5000.00,,275955.65
2026-05-11 10:19,Transfer to Kano Thread & Dye Hub,TRF|SMFB|900000000000066286,12285.21,,263670.44
2026-05-11 12:51,Transfer from Joy Oladipo,TRF|SMFB|900000000000066604,,19549.42,283219.86
2026-05-12 16:49,Transfer from Zainab Ahmed,TRF|SMFB|900000000000066626,,21786.16,305006.02
2026-05-13 10:06,Transfer from Ronke Fashola,TRF|SMFB|900000000000066648,,18837.86,323843.88
2026-05-14 13:27,Airtime/Data Purchase - Airtel,TRF|SMFB|900000000000066331,3376.93,,320466.95
2026-05-15 17:00,Transfer to Kemi Adebayo Personal,TRF|SMFB|900000000000066836,132367.96,,188098.99
2026-05-15 17:23,POS settlement - Sales,TRF|SMFB|900000000000066656,,31706.67,219805.66
2026-05-16 14:29,Transfer to Eko Lace Importers,TRF|SMFB|900000000000066377,26788.50,,193017.16
2026-05-16 14:59,POS settlement - Sales,TRF|SMFB|900000000000066658,,9522.69,202539.85
2026-05-18 08:30,Transfer - ajo contribution,TRF|SMFB|900000000000066117,5000.00,,197539.85
2026-05-18 12:02,Transfer from Ifeoma Nwosu,TRF|SMFB|900000000000066683,,18518.23,216058.08
2026-05-19 11:22,POS settlement - Sales,TRF|SMFB|900000000000066710,,30123.19,246181.27
2026-05-19 12:52,Transfer to Eko Lace Importers,TRF|SMFB|900000000000066386,24316.85,,221864.42
2026-05-20 16:22,Transfer from Hadiza Yaro,TRF|SMFB|900000000000066754,,22895.26,244759.68
2026-05-21 10:36,USSD Service Charge,TRF|SMFB|900000000000066391,208.31,,244551.37
2026-05-22 16:26,Transfer from Hadiza Yaro,TRF|SMFB|900000000000066767,,13155.32,257706.69
2026-05-23 15:07,Airtime/Data Purchase - Airtel,TRF|SMFB|900000000000066393,2913.31,,254793.38
2026-05-24 10:22,Transfer from Amina Bello,TRF|SMFB|900000000000066779,,11215.02,266008.40
2026-05-25 08:30,Transfer - ajo contribution,TRF|SMFB|900000000000066163,5000.00,,261008.40
2026-05-26 09:20,Transfer from Titilayo Shonibare,TRF|SMFB|900000000000066810,,19498.94,280507.34
2026-05-26 13:57,Transfer to Kano Thread & Dye Hub,TRF|SMFB|900000000000066420,37813.19,,242694.15
2026-05-27 09:34,POS settlement - Sales,TRF|SMFB|900000000000066827,,28828.51,271522.66
2026-05-27 11:00,Transfer to Balogun Fabric Emporium,TRF|SMFB|900000000000066440,12721.46,,258801.20
2026-05-28 14:09,Transfer to Yaba Textile Wholesalers,TRF|SMFB|900000000000066431,19958.54,,238842.66
2026-05-28 15:30,POS settlement - Sales,TRF|SMFB|900000000000066829,,10680.17,249522.83
2026-06-02 09:00,Transfer to Landlord - Shop Rent,TRF|SMFB|900000000000066910,35000.00,,214522.83
2026-06-03 10:34,Transfer from Maryam Sanusi,TRF|SMFB|900000000000067291,,29185.71,243708.54
2026-06-04 08:30,Transfer - ajo contribution,TRF|SMFB|900000000000066859,5000.00,,238708.54
2026-06-05 15:27,POS settlement - Sales,TRF|SMFB|900000000000067330,,30264.98,268973.52
2026-06-06 10:00,Transfer to Eko Lace Importers,TRF|SMFB|900000000000066955,16078.37,,252895.15
2026-06-07 11:10,Transfer from Ifeoma Nwosu,TRF|SMFB|900000000000067379,,16831.40,269726.55
2026-06-08 11:11,Airtime/Data Purchase - MTN,TRF|SMFB|900000000000066995,1976.93,,267749.62
2026-06-08 14:22,Transfer from Titilayo Shonibare,TRF|SMFB|900000000000067420,,12281.95,280031.57
2026-06-09 12:56,Transfer from Joy Oladipo,TRF|SMFB|900000000000067439,,31018.77,311050.34
2026-06-11 08:30,Transfer - ajo contribution,TRF|SMFB|900000000000066866,5000.00,,306050.34
2026-06-11 09:18,Transfer from Peace Utomi,TRF|SMFB|900000000000067457,,21683.01,327733.35
2026-06-11 10:30,USSD Service Charge,TRF|SMFB|900000000000067021,287.75,,327445.60
2026-06-13 11:15,Airtime/Data Purchase - MTN,TRF|SMFB|900000000000067044,2485.71,,324959.89
2026-06-13 12:22,Transfer from Kehinde Ogundele,TRF|SMFB|900000000000067468,,12085.74,337045.63
2026-06-14 15:36,Transfer from Funke Akindele,TRF|SMFB|900000000000067496,,18163.14,355208.77
2026-06-15 11:09,Transfer from Zainab Ahmed,TRF|SMFB|900000000000067505,,13771.67,368980.44
2026-06-15 11:56,Transfer to Eko Lace Importers,TRF|SMFB|900000000000067053,21445.45,,347534.99
2026-06-15 17:00,Transfer to Kemi Adebayo Personal,TRF|SMFB|900000000000067798,134993.40,,212541.59
2026-06-17 14:57,POS settlement - Sales,TRF|SMFB|900000000000067551,,29283.06,241824.65
2026-06-18 08:30,Transfer - ajo contribution,TRF|SMFB|900000000000066897,5000.00,,236824.65
2026-06-18 14:49,Transfer to Yaba Textile Wholesalers,TRF|SMFB|900000000000067097,36187.84,,200636.81
2026-06-19 10:51,POS settlement - Sales,TRF|SMFB|900000000000067578,,31144.18,231780.99
2026-06-21 11:21,POS settlement - Sales,TRF|SMFB|900000000000067613,,23443.45,255224.44
2026-06-21 15:51,Transfer to Yaba Textile Wholesalers,TRF|SMFB|900000000000067118,15870.85,,239353.59
2026-06-22 15:47,Transfer from Maryam Sanusi,TRF|SMFB|900000000000067636,,26106.92,265460.51
2026-06-23 10:03,Airtime/Data Purchase - MTN,TRF|SMFB|900000000000067128,1835.71,,263624.80
2026-06-24 16:32,Transfer from Peace Utomi,TRF|SMFB|900000000000067643,,16041.65,279666.45
2026-06-25 08:30,Transfer - ajo contribution,TRF|SMFB|900000000000066900,5000.00,,274666.45
2026-06-25 11:00,Transfer from Zainab Ahmed,TRF|SMFB|900000000000067650,,22420.32,297086.77
2026-06-26 16:01,Transfer to Kano Thread & Dye Hub,TRF|SMFB|900000000000067174,26769.14,,270317.63
2026-06-26 17:07,POS settlement - Sales,TRF|SMFB|900000000000067661,,15133.62,285451.25
2026-06-27 11:00,Transfer to Eko Lace Importers,TRF|SMFB|900000000000067289,13689.46,,271761.79
2026-06-28 10:50,Transfer from Kehinde Ogundele,TRF|SMFB|900000000000067708,,9828.48,281590.27
2026-06-28 11:23,Transfer to Yaba Textile Wholesalers,TRF|SMFB|900000000000067183,25867.06,,255723.21
2026-06-28 13:14,USSD Service Charge,TRF|SMFB|900000000000067230,172.02,,255551.19
2026-06-28 14:04,Airtime/Data Purchase - Airtel,TRF|SMFB|900000000000067265,4493.90,,251057.29
2026-06-28 14:06,Transfer from Hadiza Yaro,TRF|SMFB|900000000000067751,,24547.42,275604.71
2026-06-28 14:39,Airtime/Data Purchase - Airtel,TRF|SMFB|900000000000067268,4130.25,,271474.46
2026-06-28 14:42,Transfer to Aba Garment Supplies Ltd,TRF|SMFB|900000000000067199,14510.48,,256963.98
2026-06-28 15:30,POS settlement - Sales,TRF|SMFB|900000000000067783,,13169.73,270133.71
2026-07-02 09:00,Transfer to Landlord - Shop Rent,TRF|SMFB|900000000000067891,35000.00,,235133.71
2026-07-03 12:47,Transfer from Blessing Olaniyi,TRF|SMFB|900000000000068221,,17452.48,252586.19
2026-07-04 08:30,Transfer - ajo contribution,TRF|SMFB|900000000000067803,5000.00,,247586.19
2026-07-05 12:47,POS settlement - Sales,TRF|SMFB|900000000000068244,,26853.60,274439.79
2026-07-05 14:26,Airtime/Data Purchase - Airtel,TRF|SMFB|900000000000067908,2124.25,,272315.54
2026-07-07 14:08,USSD Service Charge,TRF|SMFB|900000000000067937,151.40,,272164.14
2026-07-07 15:39,POS settlement - Sales,TRF|SMFB|900000000000068270,,11975.49,284139.63
2026-07-09 13:59,Airtime/Data Purchase - Airtel,TRF|SMFB|900000000000067959,3432.17,,280707.46
2026-07-09 17:55,POS settlement - Sales,TRF|SMFB|900000000000068294,,19832.28,300539.74
2026-07-11 08:30,Transfer - ajo contribution,TRF|SMFB|900000000000067836,5000.00,,295539.74
2026-07-11 14:55,Transfer to Yaba Textile Wholesalers,TRF|SMFB|900000000000067977,24478.53,,271061.21
2026-07-11 15:17,Transfer from Ifeoma Nwosu,TRF|SMFB|900000000000068301,,17261.92,288323.13
2026-07-13 13:07,Transfer from Grace Danjuma,TRF|SMFB|900000000000068349,,19257.70,307580.83
2026-07-14 14:31,POS settlement - Sales,TRF|SMFB|900000000000068374,,14260.03,321840.86
2026-07-14 14:41,Transfer to Balogun Fabric Emporium,TRF|SMFB|900000000000068012,18897.98,,302942.88
2026-07-15 17:00,Transfer to Kemi Adebayo Personal,TRF|SMFB|900000000000068771,127437.05,,175505.83
2026-07-16 17:29,POS settlement - Sales,TRF|SMFB|900000000000068411,,31540.95,207046.78
2026-07-17 11:19,USSD Service Charge,TRF|SMFB|900000000000068022,349.48,,206697.30
2026-07-17 15:32,Transfer from Zainab Ahmed,TRF|SMFB|900000000000068455,,16157.73,222855.03
2026-07-18 08:30,Transfer - ajo contribution,TRF|SMFB|900000000000067847,5000.00,,217855.03
2026-07-18 10:30,POS settlement - Sales,TRF|SMFB|900000000000068470,,16294.34,234149.37
2026-07-20 09:36,Transfer from Hadiza Yaro,TRF|SMFB|900000000000068483,,26741.42,260890.79
2026-07-20 10:04,Transfer to Aba Garment Supplies Ltd,TRF|SMFB|900000000000068058,26719.13,,234171.66
2026-07-22 11:07,POS settlement - Sales,TRF|SMFB|900000000000068485,,13158.93,247330.59
2026-07-22 12:30,Transfer to Balogun Fabric Emporium,TRF|SMFB|900000000000068082,14882.70,,232447.89
2026-07-23 09:00,Transfer from Ngozi Eze,TRF|SMFB|900000000000068524,,17801.45,250249.34
2026-07-24 10:47,POS settlement - Sales,TRF|SMFB|900000000000068558,,19720.08,269969.42
2026-07-24 11:42,USSD Service Charge,TRF|SMFB|900000000000068091,346.90,,269622.52
2026-07-25 08:30,Transfer - ajo contribution,TRF|SMFB|900000000000067849,5000.00,,264622.52
2026-07-26 10:02,USSD Service Charge,TRF|SMFB|900000000000068140,267.48,,264355.04
2026-07-26 10:34,Transfer from Peace Utomi,TRF|SMFB|900000000000068583,,13074.11,277429.15
2026-07-27 11:00,Transfer to Yaba Textile Wholesalers,TRF|SMFB|900000000000068206,12900.60,,264528.55
2026-07-28 09:27,POS settlement - Sales,TRF|SMFB|900000000000068586,,13832.38,278360.93
2026-07-28 09:37,Transfer from Joy Oladipo,TRF|SMFB|900000000000068630,,16982.58,295343.51
2026-07-28 10:31,Transfer to Kano Thread & Dye Hub,TRF|SMFB|900000000000068186,36827.55,,258515.96
2026-07-28 10:32,Transfer from Ronke Fashola,TRF|SMFB|900000000000068744,,29545.14,288061.10
2026-07-28 11:38,Transfer from Ngozi Eze,TRF|SMFB|900000000000068676,,20891.71,308952.81
2026-07-28 13:01,Transfer from Blessing Olaniyi,TRF|SMFB|900000000000068701,,24924.07,333876.88
2026-07-28 14:12,Transfer from Yetunde Alabi,TRF|SMFB|900000000000068708,,18686.96,352563.84
2026-07-28 15:00,Transfer to Kano Thread & Dye Hub,TRF|SMFB|900000000000068180,24941.27,,327622.57
2026-07-28 15:44,Transfer to Kano Thread & Dye Hub,TRF|SMFB|900000000000068162,24297.01,,303325.56
2026-08-02 09:00,Transfer to Landlord - Shop Rent,TRF|SMFB|900000000000068887,35000.00,,268325.56
2026-08-03 15:28,Transfer from Ronke Fashola,TRF|SMFB|900000000000069300,,31770.55,300096.11
2026-08-04 08:30,Transfer - ajo contribution,TRF|SMFB|900000000000068804,5000.00,,295096.11
2026-08-04 12:48,Transfer from Maryam Sanusi,TRF|SMFB|900000000000069330,,11605.83,306701.94
2026-08-05 14:45,Transfer from Funke Akindele,TRF|SMFB|900000000000069357,,10071.87,316773.81
2026-08-06 13:49,USSD Service Charge,TRF|SMFB|900000000000068934,107.17,,316666.64
2026-08-07 17:13,POS settlement - Sales,TRF|SMFB|900000000000069400,,23567.71,340234.35
2026-08-08 14:25,USSD Service Charge,TRF|SMFB|900000000000068949,332.58,,339901.77
2026-08-08 17:41,Transfer from Yetunde Alabi,TRF|SMFB|900000000000069435,,29847.86,369749.63
2026-08-09 10:38,Transfer from Amina Bello,TRF|SMFB|900000000000069449,,31310.79,401060.42
2026-08-11 08:30,Transfer - ajo contribution,TRF|SMFB|900000000000068826,5000.00,,396060.42
2026-08-11 11:16,Transfer to Aba Garment Supplies Ltd,TRF|SMFB|900000000000068968,15665.80,,380394.62
2026-08-11 14:19,Transfer from Grace Danjuma,TRF|SMFB|900000000000069489,,10925.40,391320.02
2026-08-12 17:23,Transfer from Ronke Fashola,TRF|SMFB|900000000000069507,,12527.73,403847.75
2026-08-13 15:24,POS settlement - Sales,TRF|SMFB|900000000000069522,,26157.51,430005.26
2026-08-14 15:31,Airtime/Data Purchase - MTN,TRF|SMFB|900000000000068981,4288.64,,425716.62
2026-08-15 10:02,Transfer from Titilayo Shonibare,TRF|SMFB|900000000000069527,,12560.06,438276.68
2026-08-15 17:00,Transfer to Kemi Adebayo Personal,TRF|SMFB|900000000000069572,131714.48,,306562.20
2026-08-17 14:40,Airtime/Data Purchase - MTN,TRF|SMFB|900000000000069003,4338.59,,302223.61
2026-08-17 15:20,POS settlement - Sales,TRF|SMFB|900000000000069535,,17867.22,320090.83
2026-08-18 08:30,Transfer - ajo contribution,TRF|SMFB|900000000000068841,5000.00,,315090.83
2026-08-19 12:55,Airtime/Data Purchase - Airtel,TRF|SMFB|900000000000069028,1981.07,,313109.76
2026-08-21 13:31,Transfer to Kano Thread & Dye Hub,TRF|SMFB|900000000000069077,22163.24,,290946.52
2026-08-23 15:20,Transfer to Eko Lace Importers,TRF|SMFB|900000000000069115,36000.20,,254946.32
2026-08-25 08:30,Transfer - ajo contribution,TRF|SMFB|900000000000068871,5000.00,,249946.32
2026-08-26 11:40,Airtime/Data Purchase - MTN,TRF|SMFB|900000000000069154,2980.33,,246965.99
2026-08-28 10:02,Transfer to Eko Lace Importers,TRF|SMFB|900000000000069205,18314.09,,228651.90
2026-08-28 10:15,Transfer to Kano Thread & Dye Hub,TRF|SMFB|900000000000069190,27703.18,,200948.72
2026-08-28 13:43,Transfer to Kano Thread & Dye Hub,TRF|SMFB|900000000000069295,21688.59,,179260.13
2026-08-28 15:30,POS settlement - Sales,TRF|SMFB|900000000000069563,,19822.95,199083.08
2026-08-28 16:48,Transfer to Kano Thread & Dye Hub,TRF|SMFB|900000000000069249,36039.78,,163043.30
2026-09-02 09:00,Transfer to Landlord - Shop Rent,TRF|SMFB|900000000000069673,35000.00,,128043.30
2026-09-03 10:27,Transfer from Grace Danjuma,TRF|SMFB|900000000000070134,,17612.83,145656.13
2026-09-04 08:30,Transfer - ajo contribution,TRF|SMFB|900000000000069580,5000.00,,140656.13
2026-09-05 15:01,Transfer from Bisi Adebayo,TRF|SMFB|900000000000070143,,14485.27,155141.40
2026-09-06 12:24,Transfer to Eko Lace Importers,TRF|SMFB|900000000000069714,19582.37,,135559.03
2026-09-07 09:57,Transfer from Ngozi Eze,TRF|SMFB|900000000000070177,,26339.57,161898.60
2026-09-08 15:52,Transfer to Eko Lace Importers,TRF|SMFB|900000000000069750,13549.75,,148348.85
2026-09-08 16:18,Transfer from Chinedu Okonkwo,TRF|SMFB|900000000000070188,,15176.68,163525.53
2026-09-10 11:58,Transfer to Kano Thread & Dye Hub,TRF|SMFB|900000000000069772,12570.79,,150954.74
2026-09-10 12:15,POS settlement - Sales,TRF|SMFB|900000000000070198,,12476.46,163431.20
2026-09-11 08:30,Transfer - ajo contribution,TRF|SMFB|900000000000069626,5000.00,,158431.20
2026-09-11 17:16,Transfer from Peace Utomi,TRF|SMFB|900000000000070244,,21515.90,179947.10
2026-09-12 12:06,Airtime/Data Purchase - MTN,TRF|SMFB|900000000000069789,2752.96,,177194.14
2026-09-12 12:48,POS settlement - Sales,TRF|SMFB|900000000000070282,,21879.37,199073.51
2026-09-13 12:33,Transfer from Amina Bello,TRF|SMFB|900000000000070329,,31715.37,230788.88
2026-09-14 14:04,USSD Service Charge,TRF|SMFB|900000000000069821,275.86,,230513.02
2026-09-15 12:03,Transfer from Maryam Sanusi,TRF|SMFB|900000000000070343,,18476.94,248989.96
2026-09-15 17:00,Transfer to Kemi Adebayo Personal,TRF|SMFB|900000000000070800,134923.61,,114066.35
2026-09-16 14:53,Airtime/Data Purchase - MTN,TRF|SMFB|900000000000069833,2541.96,,111524.39
2026-09-17 17:33,Transfer from Funke Akindele,TRF|SMFB|900000000000070378,,20343.19,131867.58
2026-09-18 08:30,Transfer - ajo contribution,TRF|SMFB|900000000000069654,5000.00,,126867.58
2026-09-18 10:00,POS settlement - Sales,TRF|SMFB|900000000000070426,,31116.00,157983.58
2026-09-18 13:12,Airtime/Data Purchase - Airtel,TRF|SMFB|900000000000069844,3735.88,,154247.70
2026-09-20 16:43,Transfer from Kehinde Ogundele,TRF|SMFB|900000000000070469,,15343.13,169590.83
2026-09-21 15:57,Transfer to Balogun Fabric Emporium,TRF|SMFB|900000000000069858,37997.47,,131593.36
2026-09-22 13:46,POS settlement - Sales,TRF|SMFB|900000000000070507,,10762.61,142355.97
2026-09-23 12:54,POS settlement - Sales,TRF|SMFB|900000000000070540,,10042.96,152398.93
2026-09-24 16:15,POS settlement - Sales,TRF|SMFB|900000000000070589,,19364.05,171762.98
2026-09-24 16:20,USSD Service Charge,TRF|SMFB|900000000000069901,183.05,,171579.93
2026-09-25 08:30,Transfer - ajo contribution,TRF|SMFB|900000000000069670,5000.00,,166579.93
2026-09-25 17:18,Transfer from Kehinde Ogundele,TRF|SMFB|900000000000070613,,9310.31,175890.24
2026-09-26 10:42,Airtime/Data Purchase - Airtel,TRF|SMFB|900000000000069904,2425.08,,173465.16
2026-09-27 11:00,Transfer to Eko Lace Importers,TRF|SMFB|900000000000070088,14051.24,,159413.92
2026-09-27 17:41,Transfer from Titilayo Shonibare,TRF|SMFB|900000000000070660,,24830.51,184244.43
2026-09-28 10:50,Airtime/Data Purchase - MTN,TRF|SMFB|900000000000070035,4048.24,,180196.19
2026-09-28 10:55,USSD Service Charge,TRF|SMFB|900000000000070018,193.93,,180002.26
2026-09-28 12:12,Transfer from Bisi Adebayo,TRF|SMFB|900000000000070757,,18920.45,198922.71
2026-09-28 14:00,Transfer to Kano Thread & Dye Hub,TRF|SMFB|900000000000069917,14981.13,,183941.58
2026-09-28 14:29,USSD Service Charge,TRF|SMFB|900000000000069941,152.24,,183789.34
2026-09-28 14:54,Transfer from Maryam Sanusi,TRF|SMFB|900000000000070724,,23670.78,207460.12
2026-09-28 15:21,Transfer from Titilayo Shonibare,TRF|SMFB|900000000000070679,,19891.12,227351.24
2026-09-28 15:30,POS settlement - Sales,TRF|SMFB|900000000000070766,,11482.53,238833.77
2026-09-28 15:44,Transfer to Yaba Textile Wholesalers,TRF|SMFB|900000000000069982,12595.54,,226238.23
2026-09-28 16:24,Transfer to Kano Thread & Dye Hub,TRF|SMFB|900000000000070056,27143.14,,199095.09
2026-09-28 16:28,Transfer to Aba Garment Supplies Ltd,TRF|SMFB|900000000000069925,25070.96,,174024.13
